user_id,iforest_score,iforest_anomaly,ocsvm_score,ocsvm_anomaly,lof_score,lof_anomaly,zscore_max,zscore_anomaly,temporal_max_z,temporal_mean_z,temporal_anomalous_weeks,temporal_anomaly,feat_cusum_value,feat_cusum_detected,feat_max_weekly_drift,feat_mean_drift,feat_top_feature,feat_top_feature_z,feat_cusum_top10pct,acecard_total_drift,acecard_cusum_value,acecard_cusum_detected,acecard_change_point,acecard_max_weekly_drift,acecard_mean_weekly_drift,acecard_overall_threat_align,acecard_overall_benign_align,acecard_primary_threat,acecard_max_weekly_threat,acecard_mean_weekly_threat,acecard_threat_weeks,acecard_threat_consistency,acecard_threat_cusum_value,acecard_threat_cusum_detected,acecard_direction_detected,acecard_top10pct,is_attack,attack_name,combined_detected,t3_velocity_magnitude,t3_acceleration,t3_stability,t3_trend_consistency,t3_total_drift,t3_regime,t3_velocity_score,t3_velocity_detected,t3_regime_shifts,t3_min_stability,t3_regime_score,t3_regime_detected,t3_identity_drift,t3_data_drift,t3_network_drift,t3_risk_drift,t3_access_drift,t3_zone_divergence_score,t3_zone_diagnostics,t3_zone_divergence_detected,t3_rel_drift,t3_rel_detected,t3_ctx_best_context,t3_ctx_best_consistency,t3_ctx_detected,t3_cohort_member,t3_composite_score,t3_combined_detected,all_tiers_combined
USR-007,1,False,1,False,1,False,1.2480150622446458,False,10.330107023216701,1.0266187698780453,8,True,6.741774039007214,True,2.8935762633478435,0.8515892560860803,file_confidential_ratio,3.7125079797227087,False,0.6751072406768799,12.763739946842191,True,0,0.7524850070476532,0.7095966637134552,0.028015779331326485,0.024522164836525917,c2_beacon,0.06524007767438889,0.036441440124892525,1,0.05555555555555555,0.0,False,False,False,False,Normal,False,1.1086470901107761,-0.001836911340936377,0.3853164398007923,-0.4961957265348995,0.602133721113205,regime_shift,0.3346938775510204,False,1.0,0.3853164398007923,0.5306122448979591,False,-1.1920928955078125e-07,0.9405449256300926,1.0148119274526834,0.0,0.9829553458839655,1.014812046661973,data_behavior(0.9405); network_footprint(1.0148); risk_posture(0.0000); access_pattern(0.9830),False,0.7738023996353149,False,insider_investigation,0.16666666666666666,False,False,0.40407089151450054,False,False
USR-010,1,False,1,False,1,False,1.7492431023420276,False,12.692955176439849,0.9856804216611847,2,True,7.316695459671667,True,2.9629431046951877,0.8903548107271451,net_unique_dsts,2.1912049904892124,False,1.0299634598195553,18.192956382370554,True,0,1.0501113310456276,1.0112197990205862,0.05973200872540474,0.0,credential_stuffing,0.06608309596776962,0.03954888745728466,2,0.1111111111111111,0.0,False,False,False,False,Normal,False,1.267755294060429,0.0002455192645678264,0.1961823594239023,-0.5025913206969991,0.8030055910348892,regime_shift,0.8102040816326532,False,1.0,0.1961823594239023,0.9387755102040817,True,-1.1920928955078125e-07,0.9737088959664106,1.0616949871182442,0.9967392880935222,1.014193489216268,1.0616951063275337,data_behavior(0.9737); network_footprint(1.0617); risk_posture(0.9967); access_pattern(1.0142),True,0.9398692846298218,False,normal_ops,0.16666666666666666,False,False,0.8326423200859292,True,True
USR-011,1,False,1,False,1,False,2.309401076758511,False,10.330107023216701,0.757944386762808,1,True,3.9126947376108845,False,2.455501680222277,0.7136307130978373,net_unique_dsts,2.191346617949793,False,0.6680871844291687,13.00369734278321,True,0,0.9589066691696644,0.7229276301546229,0.06377869099378586,0.02138526365160942,credential_stuffing,0.06537027657032013,0.03520276444032788,1,0.05555555555555555,0.0,False,False,False,False,Normal,False,1.0789380233168142,0.00010599891465826673,0.417839194337527,-0.49336401154013243,0.5815913677215576,regime_shift,0.21428571428571427,False,1.0,0.417839194337527,0.0,False,0.0,0.9442170411348343,1.0208176411688328,0.0,0.9958391287364066,1.0208176411688328,data_behavior(0.9442); network_footprint(1.0208); risk_posture(0.0000); access_pattern(0.9958),False,0.7949201464653015,False,insider_investigation,0.2777777777777778,True,False,0.34237379162191195,False,False
USR-016,1,False,1,False,1,False,1.7204299586811909,False,7.337993857053428,1.0032687637334927,2,True,7.319309623380072,True,2.2034671631457763,0.8970352064362533,dns_unique_domains,2.312697867982636,False,0.9900823766365647,17.496870041903108,True,0,1.0303144864737988,0.9725483356612838,0.07824364304542542,0.0,insider_threat_slow,0.08727781474590302,0.04061497954858674,2,0.1111111111111111,0.0,False,False,False,False,Normal,False,1.2594028809880613,-0.0008937695660545612,0.2068413487739033,-0.49876757930306825,0.8008663058280945,regime_shift,0.5714285714285714,False,1.0,0.2068413487739033,0.6326530612244898,False,0.0,1.0306238234043121,1.027895899489522,1.0023205589968711,0.9726414121687412,1.0306238234043121,data_behavior(1.0306); network_footprint(1.0279); risk_posture(1.0023); access_pattern(0.9726),False,0.9215360283851624,False,normal_ops,0.16666666666666666,False,False,0.5806015037593986,False,False
USR-017,1,False,1,False,1,False,1.4817232802784734,False,10.330107023216701,0.92003324075341,7,True,5.119059070605033,True,2.5458987274708145,0.7803215880768312,file_restricted_ratio,2.76064631927405,False,0.6718959212303162,12.357440147161482,True,0,0.7212998867034912,0.6870244526200824,0.0594681054353714,0.018190450966358185,supply_chain_compromise,0.05237305909395218,0.03536037779930565,1,0.05555555555555555,0.0,False,False,False,False,Normal,False,1.087663460559782,0.003511197532398454,0.40828298528989154,-0.5020925227333518,0.5942115783691406,regime_shift,0.41020408163265304,False,1.0,0.40828298528989154,0.061224489795918324,False,0.0,1.0003546033985913,0.9934850498102605,0.0,1.0102359522134066,1.0102359522134066,data_behavior(1.0004); network_footprint(0.9935); risk_posture(0.0000); access_pattern(1.0102),False,0.7608726620674133,False,normal_ops,0.2222222222222222,False,False,0.3405800214822771,False,False
USR-019,1,False,1,False,1,False,2.149646683317411,False,10.330107023216701,0.8799668428583942,4,True,4.950043646728723,True,2.7930465688598534,0.7649911069618405,net_unique_dsts,2.191346617949793,False,0.6914495229721069,12.718678552269933,True,0,0.7585653811693192,0.7070932529038854,0.04935823008418083,0.008348191156983376,insider_threat_slow,0.07911937683820724,0.04344544425192806,5,0.2777777777777778,0.0,False,False,True,False,Normal,False,1.0988809706889286,-0.0006829506192101921,0.3960758497317632,-0.5016432965503019,0.6113176941871643,regime_shift,0.37142857142857144,False,1.0,0.3960758497317632,0.34693877551020413,False,0.0,0.9831213913857937,0.988466702401638,-1.1920928955078125e-07,0.9827718567103148,0.988466702401638,data_behavior(0.9831); network_footprint(0.9885); risk_posture(-0.0000); access_pattern(0.9828),False,0.7830902934074402,False,normal_ops,0.2222222222222222,False,False,0.3467024704618689,False,False
USR-020,1,False,-1,True,1,False,2.223143015777205,False,6.594202898550725,0.91316070412818,2,True,6.293287489663557,True,2.5118272046839247,0.8423721272656747,endpoint_max_risk,1.5618741134510992,False,0.9566864520311356,17.708337489244528,True,0,1.0466504022479057,0.9842965271802515,0.03015587478876114,0.014008460566401482,data_exfiltration,0.088258758187294,0.04170829916579856,4,0.2222222222222222,0.0,False,False,False,False,Normal,False,1.268000495759225,0.003001725602588111,0.19580977492862278,-0.5006639256196863,0.7983125299215317,regime_shift,0.9122448979591836,True,1.0,0.19580977492862278,0.9795918367346939,True,0.0,0.9974346123635769,0.9793472234159708,1.0146556301042438,1.0139658050611615,1.0146556301042438,data_behavior(0.9974); network_footprint(0.9793); risk_posture(1.0147); access_pattern(1.0140),False,0.9434988498687744,False,apt_hunt,0.2222222222222222,False,False,0.7538453276047261,False,False
USR-025,1,False,1,False,1,False,1.8181574014374196,False,10.330107023216701,0.8664734717773804,2,True,4.804471125670458,True,2.840957491580401,0.7573309805338169,net_unique_dsts,2.191346617949793,False,0.7353413701057434,12.339259687423704,True,0,0.736285924911499,0.6860144270790948,0.022406134754419327,0.029859982430934906,supply_chain_compromise,0.057077422738075256,0.0369104309938848,2,0.1111111111111111,0.0,False,False,False,False,Normal,False,1.1015210943307925,-0.00207173462095651,0.39314577645725673,-0.5025472220252541,0.5625304579734802,regime_shift,0.19387755102040818,False,1.0,0.39314577645725673,0.40816326530612246,False,0.0,0.987358096987009,1.0295084323734045,0.0,1.0213036891072989,1.0295084323734045,data_behavior(0.9874); network_footprint(1.0295); risk_posture(0.0000); access_pattern(1.0213),False,0.7378948330879211,False,normal_ops,0.16666666666666666,False,False,0.32141783029001075,False,False
USR-026,1,False,1,False,1,False,2.309401076758511,False,10.330107023216701,0.894204461405797,2,True,5.217862011155375,True,2.746720324960643,0.7808569535775635,net_unique_dsts,2.191346617949793,False,0.9307103455066681,13.452545482277866,True,0,0.900613084435463,0.7478636379043261,0.06526704132556915,0.01684190146625042,credential_stuffing,0.08168201148509979,0.0390978924309214,4,0.2222222222222222,0.0,False,False,False,False,Normal,False,1.0909552226451047,0.0018041180610356357,0.4048011319504844,-0.49809715151786804,0.6323061287403107,regime_shift,0.5,False,1.0,0.4048011319504844,0.16326530612244894,False,0.0,0.9882511189207435,1.0402237251400948,0.0,1.0060544470325112,1.0402237251400948,data_behavior(0.9883); network_footprint(1.0402); risk_posture(0.0000); access_pattern(1.0061),False,0.8024346232414246,False,apt_hunt,0.1111111111111111,False,False,0.43435016111707836,False,False
USR-031,1,False,1,False,1,False,2.7937819828138397,False,10.330107023216701,0.7643466861999729,1,True,3.8069189703306447,False,2.3073872609387713,0.7030962473448288,net_unique_dsts,2.191346617949793,False,0.7263916730880737,12.635740059971807,True,0,0.7520512193441391,0.7024855588873228,0.03230835497379303,0.012540332973003387,insider_threat_fast,0.06767648458480835,0.04359684812111987,3,0.16666666666666666,0.0,False,False,False,False,Normal,False,1.104629183611972,0.00020566214784579305,0.38981399933497113,-0.5070562993778902,0.6183158755302429,regime_shift,0.5081632653061225,False,1.0,0.38981399933497113,0.4897959183673469,False,0.0,1.0004716757684946,1.0483994483947754,-1.1920928955078125e-07,1.0148956757038832,1.0483994483947754,data_behavior(1.0005); network_footprint(1.0484); risk_posture(-0.0000); access_pattern(1.0149),False,0.7434303760528564,False,insider_investigation,0.2222222222222222,False,False,0.559967776584318,False,False
USR-034,-1,True,1,False,-1,True,2.856589148604821,False,12.22747361931773,0.9712082605716155,4,True,7.087135930775647,True,2.882321341158197,0.8838498881606046,net_unique_dsts,2.414953415699773,False,1.0120476707816124,17.849471671119332,True,0,1.0270329248160124,0.9921373150621852,0.038166869431734085,0.007101483643054962,insider_threat_slow,0.06668034940958023,0.04083876363519165,6,0.3333333333333333,0.0,False,False,True,False,Normal,True,1.2626189101832699,0.0008534350403216027,0.20275217956966823,-0.4967343754628125,0.8069908916950226,regime_shift,0.8061224489795917,False,1.0,0.20275217956966823,0.7755102040816326,False,-1.1920928955078125e-07,0.9813776258379221,1.009420620277524,1.0254250932484865,0.985090677626431,1.025425212457776,data_behavior(0.9814); network_footprint(1.0094); risk_posture(1.0254); access_pattern(0.9851),False,0.9796813726425171,False,insider_investigation,0.16666666666666666,False,False,0.7030504833512353,False,True
USR-046,1,False,1,False,1,False,1.161369785139137,False,10.330107023216701,0.7732371501489383,2,True,3.946935843830617,True,2.1253429787670806,0.7039046067431642,net_unique_dsts,2.191346617949793,False,0.7065190672874451,12.47215938901901,True,0,0.720273494720459,0.6933977438343896,0.05668843165040016,0.004692938178777695,credential_stuffing,0.07388892769813538,0.0429208905229138,3,0.16666666666666666,0.0,False,False,False,False,Normal,False,1.1004677778068082,0.0015588907258868268,0.3942626780933804,-0.4988349711193758,0.6112077832221985,regime_shift,0.5142857142857142,False,1.0,0.3942626780933804,0.36734693877551017,False,-1.1920928955078125e-07,1.0308373011648655,0.9788343477994204,0.0,1.0369194336235523,1.0369195528328419,data_behavior(1.0308); network_footprint(0.9788); risk_posture(0.0000); access_pattern(1.0369),False,0.7408048510551453,False,apt_hunt,0.1111111111111111,False,False,0.4200644468313641,False,False
USR-056,1,False,1,False,1,False,2.082594411764426,False,10.330107023216701,0.8680846929328591,2,True,4.899137454646837,True,2.7474555478152998,0.7604004102257291,file_total,2.631259722008717,False,0.6512423753738403,12.507759663820265,True,0,0.7257176637649536,0.6953755368789037,0.028676185756921768,0.0,supply_chain_compromise,0.06658527255058289,0.03738371137943533,0,0.0,0.0,False,False,False,False,Normal,False,1.0938037300183518,-0.0009719230331167924,0.4016598595513238,-0.4968670922167161,0.6214451491832733,regime_shift,0.32653061224489793,False,1.0,0.4016598595513238,0.26530612244897955,False,-1.1920928955078125e-07,0.9871469289064407,1.0319804847240448,-1.1920928955078125e-07,0.9710519220679998,1.0319806039333344,data_behavior(0.9871); network_footprint(1.0320); risk_posture(-0.0000); access_pattern(0.9711),False,0.8159160614013672,False,apt_hunt,0.3333333333333333,True,False,0.5065359828141782,False,False
USR-061,-1,True,-1,True,1,False,2.3375259536578388,False,9.129006155520646,1.0021519360609688,5,True,6.558510569679095,True,2.536149682659898,0.8627518395075225,auth_total,2.8579798425614906,False,1.0113901365548372,17.650360805002506,True,0,1.027026779949665,0.9810756002779171,0.052494991570711136,0.009816044941544533,privilege_escalation,0.06583733856678009,0.03995039758996831,4,0.2222222222222222,0.0,False,False,False,False,Normal,True,1.2631846997928415,-0.001310420091733557,0.2020321571164661,-0.4989464388174169,0.8049713969230652,regime_shift,0.6387755102040816,False,1.0,0.2020321571164661,0.8163265306122449,False,0.0,0.9893620181828737,0.9958566855639219,0.9956237748265266,0.9979438676964492,0.9979438676964492,data_behavior(0.9894); network_footprint(0.9959); risk_posture(0.9956); access_pattern(0.9979),False,0.9729380011558533,False,normal_ops,0.16666666666666666,False,False,0.575499462943072,False,True
USR-067,1,False,1,False,1,False,2.2584015740288907,False,6.714423787766069,0.8924055212042744,3,True,6.105885919885639,True,2.1047877916914355,0.8345366416063456,dns_unique_domains,2.559615173078591,False,0.9934920333325863,17.519906904743053,True,0,1.0486846305429935,0.973828161374614,0.05913342162966728,0.02121022716164589,privilege_escalation,0.053933024406433105,0.030910588904387422,3,0.16666666666666666,0.0,False,False,False,False,Normal,False,1.2556672399407822,0.0010833343214795566,0.21155810356140137,-0.4915306392837973,0.7739852517843246,regime_shift,0.6591836734693878,False,1.0,0.21155810356140137,0.5918367346938775,False,0.0,0.9787811022251844,1.0060057872906327,0.9865148793905973,0.986565194092691,1.0060057872906327,data_behavior(0.9788); network_footprint(1.0060); risk_posture(0.9865); access_pattern(0.9866),False,0.9328081011772156,False,apt_hunt,0.2777777777777778,True,False,0.5984962406015037,False,False
USR-068,1,False,1,False,1,False,3.154106349743302,True,10.330107023216701,0.7771206583907747,1,True,4.0373558415217925,False,2.5870120136845176,0.7171158648829913,net_unique_dsts,2.191346617949793,False,0.6487575471401215,12.534139457702635,True,0,0.7374800145626068,0.6968410809834799,0.07087095826864243,0.011074614711105824,lateral_movement,0.07526618242263794,0.03846848838859134,4,0.2222222222222222,0.0060618340969085666,False,False,False,False,Normal,False,1.1034953985302651,-0.0019501598858317644,0.39095914694998,-0.5040502267725328,0.5707863569259644,regime_shift,0.22857142857142856,False,1.0,0.39095914694998,0.44897959183673475,False,-1.1920928955078125e-07,0.9806571397930384,0.9824268072843552,0.0,0.9820002485066652,0.9824269264936447,data_behavior(0.9807); network_footprint(0.9824); risk_posture(0.0000); access_pattern(0.9820),False,0.7301484942436218,False,insider_investigation,0.16666666666666666,False,False,0.20917293233082707,False,False
USR-069,1,False,1,False,1,False,1.528491154045716,False,7.361475736213114,0.9599715190596142,2,True,7.04448955100472,True,2.347764779058889,0.8776979232506164,auth_total,2.052838129280226,False,0.9725557435303926,17.813305598296225,True,0,1.0402026884257793,0.9901280887942348,0.052003078162670135,0.007213311269879341,lateral_movement,0.0572434701025486,0.033410894529273115,2,0.1111111111111111,0.010183201730251307,False,False,False,False,Normal,False,1.2603048206592007,-0.0008094064705704121,0.20570303582482868,-0.49024826814146605,0.8196481615304947,regime_shift,0.6346938775510202,False,1.0,0.20570303582482868,0.653061224489796,False,0.0,1.0394029282033443,1.005837946664542,0.9944678898900747,0.9943438293412328,1.0394029282033443,data_behavior(1.0394); network_footprint(1.0058); risk_posture(0.9945); access_pattern(0.9943),False,0.9898841977119446,True,normal_ops,0.05555555555555555,False,False,0.6255102040816326,False,False
USR-087,1,False,1,False,1,False,2.309401076758511,False,10.330107023216701,0.8208993892472323,4,True,4.517100174950565,True,2.297465866787249,0.7414685307119953,net_unique_dsts,2.191346617949793,False,0.6927319467067719,13.210477966427801,True,0,0.8971152454614639,0.7344154425793223,0.04434915632009506,0.020863765850663185,c2_beacon,0.08015554398298264,0.04189445575078329,1,0.05555555555555555,0.0,False,False,False,False,Normal,False,1.0965195392668965,0.000597141779282064,0.39856016470326316,-0.49842696505434375,0.5723266005516052,regime_shift,0.36122448979591837,False,1.0,0.39856016470326316,0.30612244897959184,False,0.0,0.9688407685607672,0.9765643682330847,-1.1920928955078125e-07,0.9953069128096104,0.9953069128096104,data_behavior(0.9688); network_footprint(0.9766); risk_posture(-0.0000); access_pattern(0.9953),False,0.7281993627548218,False,normal_ops,0.16666666666666666,False,False,0.2561117078410311,False,False
USR-097,1,False,-1,True,1,False,2.9324138548555054,False,10.330107023216701,1.0340847065384122,6,True,6.595098923000004,True,3.037383956991074,0.8477275514656799,auth_unique_sources,3.05,False,0.6795271933078766,12.599883768320082,True,0,0.7268520593643188,0.7004935426844491,0.02276672050356865,0.012437455356121063,insider_threat_fast,0.06032336503267288,0.03790583761615886,3,0.16666666666666666,0.0,False,False,False,False,Normal,False,1.1038693301658882,0.0004788060080000205,0.3905428217517005,-0.49984315037727356,0.623578280210495,regime_shift,0.5428571428571429,False,1.0,0.3905428217517005,0.4693877551020408,False,0.0,1.0484788678586483,1.0432451479136944,-1.1920928955078125e-07,1.0123255960643291,1.0484788678586483,data_behavior(1.0485); network_footprint(1.0432); risk_posture(-0.0000); access_pattern(1.0123),False,0.8208050727844238,False,normal_ops,0.2222222222222222,False,False,0.6375187969924813,False,False
USR-105,1,False,-1,True,1,False,2.839334069049103,False,8.168439523882096,0.9775133653173841,7,True,7.3188265484782455,True,2.0139433090637695,0.8992507963919304,dns_unique_domains,2.7848373648987423,False,0.9665525853633881,17.9019066396486,True,0,1.0485792122781277,0.9950503688693667,0.047910694032907486,0.0,lateral_movement,0.06067993491888046,0.03568345127213332,1,0.05555555555555555,0.0,False,False,False,False,Normal,False,1.2554310958173533,-0.0006022375300666791,0.21177267697122362,-0.4965047853834489,0.7790637314319611,regime_shift,0.5408163265306123,False,1.0,0.21177267697122362,0.5714285714285714,False,0.0,0.9709667935967445,0.9637388624250889,0.9894139608368278,0.9992837309837341,0.9992837309837341,data_behavior(0.9710); network_footprint(0.9637); risk_posture(0.9894); access_pattern(0.9993),False,0.9262180328369141,False,insider_investigation,0.2777777777777778,True,False,0.5219656283566058,False,False
USR-110,1,False,-1,True,1,False,2.309401076758511,False,10.330107023216701,0.8231952215019394,2,True,4.618617443732657,True,2.632887135198685,0.7483816114205397,net_unique_dsts,2.191346617949793,False,0.8747897744178772,13.009506221473215,True,0,0.9078101590275764,0.723250345637401,0.02018524520099163,0.0034435968846082687,data_exfiltration,0.06028734892606735,0.03553829823310176,4,0.2222222222222222,0.0,False,False,False,False,Normal,False,1.089310542006031,0.00021437876715560248,0.4065756036175622,-0.5021196358344134,0.5790464878082275,regime_shift,0.2816326530612245,False,1.0,0.4065756036175622,0.12244897959183676,False,0.0,0.9874235074967146,0.9587913453578949,0.0,0.9815827049314976,0.9874235074967146,data_behavior(0.9874); network_footprint(0.9588); risk_posture(0.0000); access_pattern(0.9816),False,0.7713143825531006,False,apt_hunt,0.1111111111111111,False,False,0.16292158968850698,False,False
USR-113,1,False,1,False,1,False,1.6524183493464966,False,10.330107023216701,0.7919090555021069,3,True,3.977012677383204,False,2.3331790536138013,0.7149306966196857,net_unique_dsts,2.191346617949793,False,0.736636221408844,12.480750653505323,True,0,0.7409504055976868,0.6938750363058515,0.03606357425451279,0.0,insider_threat_fast,0.07417391985654831,0.044959083716902465,3,0.16666666666666666,0.0,False,False,False,False,Normal,False,1.0967753659402923,-0.0012193942109595907,0.39842600954903495,-0.49938180341440086,0.5891414284706116,regime_shift,0.2714285714285714,False,1.0,0.39842600954903495,0.326530612244898,False,0.0,1.0527381151914597,1.0111181186512113,0.0,0.9951555039733648,1.0527381151914597,data_behavior(1.0527); network_footprint(1.0111); risk_posture(0.0000); access_pattern(0.9952),True,0.7294574975967407,False,normal_ops,0.1111111111111111,False,False,0.3874113856068743,False,False
USR-118,1,False,1,False,1,False,2.393319452644344,False,10.330107023216701,0.8289688023249474,4,True,4.392879293009674,True,2.474172768888403,0.7310442311004565,auth_total,2.4637986296845718,False,0.7144861817359924,12.800355795383451,True,0,0.7588840126991272,0.7116308775213029,0.04041611775755882,0.0,credential_stuffing,0.07482089847326279,0.03829718764043517,3,0.16666666666666666,0.0,False,False,False,False,Normal,False,1.1022723680916902,0.0014371659658084708,0.3924203962087631,-0.5051932755638572,0.6620279252529144,regime_shift,0.5816326530612245,False,1.0,0.3924203962087631,0.4285714285714286,False,-1.1920928955078125e-07,1.0399462021887302,1.0163325481116772,0.0,1.0404078848659992,1.0404080040752888,data_behavior(1.0399); network_footprint(1.0163); risk_posture(0.0000); access_pattern(1.0404),False,0.7480910420417786,False,insider_investigation,0.2222222222222222,False,False,0.5773147153598281,False,False
USR-120,1,False,1,False,1,False,2.147355636317621,False,10.664968161870892,1.022719083211038,4,True,7.665248631967604,True,2.4843644972065198,0.911175495677769,net_unique_dsts,2.2623813925192615,False,0.9941159975714982,17.80681756786909,True,0,1.0553110614418983,0.9897676426593939,0.05951903015375137,0.026833772659301758,data_exfiltration,0.055198926478624344,0.03631638714836703,1,0.05555555555555555,0.0,False,False,False,False,Normal,False,1.2557144117539836,-0.0005521462645882223,0.21140018767780727,-0.49908801562645855,0.7843726128339767,regime_shift,0.5938775510204082,False,1.0,0.21140018767780727,0.6122448979591837,False,-1.1920928955078125e-07,0.9702518004924059,1.0076323291286826,1.0361117161810398,0.9718396030366421,1.0361118353903294,data_behavior(0.9703); network_footprint(1.0076); risk_posture(1.0361); access_pattern(0.9718),False,0.9081059098243713,False,privilege_audit,0.16666666666666666,False,False,0.6112137486573577,False,False
USR-121,1,False,1,False,1,False,2.3299825056427914,False,5.9197464875554004,0.9079714992220608,2,True,6.467046235151381,True,2.1987055920513283,0.851103472177229,auth_fail_rate,1.8465617274745032,False,0.9908978510648012,18.036405246302834,True,0,1.039109192788601,1.0025225136834908,0.04886911064386368,0.03145894780755043,insider_threat_fast,0.05798628553748131,0.04065600958549314,2,0.1111111111111111,0.028592546284198758,False,False,False,False,Normal,False,1.2648175783692923,-0.0013166331870094685,0.2000589809483952,-0.5001140377100777,0.7721096575260162,regime_shift,0.5693877551020408,False,1.0,0.2000589809483952,0.8571428571428572,False,0.0,0.9786742627620697,1.037511456757784,0.9766379650682211,0.9933047867380083,1.037511456757784,data_behavior(0.9787); network_footprint(1.0375); risk_posture(0.9766); access_pattern(0.9933),False,0.968306839466095,False,normal_ops,0.2777777777777778,True,False,0.7576799140708915,False,False
USR-133,1,False,-1,True,1,False,2.5932786088227364,False,6.9824413566406385,0.9903958680709316,5,True,7.244638044641379,True,2.6030361452786286,0.8919936989496215,auth_total,2.2418606272708663,False,0.9947264045476913,18.107449606604874,True,0,1.0564292296767235,1.0064694225891597,0.013299273326992989,0.0,privilege_escalation,0.06413765996694565,0.0388130329342352,3,0.16666666666666666,0.0,False,False,False,False,Normal,False,1.2649069635234818,-0.0022513209279252312,0.19983327471547657,-0.50499567564796,0.8174009770154953,regime_shift,0.6469387755102041,False,1.0,0.19983327471547657,0.8979591836734694,False,0.0,1.031852912157774,0.979883337393403,0.979286739602685,0.9936581458896399,1.031852912157774,data_behavior(1.0319); network_footprint(0.9799); risk_posture(0.9793); access_pattern(0.9937),False,1.0021121501922607,True,apt_hunt,0.1111111111111111,False,False,0.6802685284640172,False,False
USR-156,1,False,1,False,1,False,1.4116675970347559,False,10.330107023216701,0.7958504657961781,2,True,4.148592541175912,True,2.2851688855051875,0.726757812270959,net_unique_dsts,2.191346617949793,False,0.6999350190162659,12.385673377275465,True,0,0.7179327607154846,0.6885929654041926,0.019277634099125862,0.024356013163924217,insider_threat_slow,0.06896502524614334,0.04161170068093472,3,0.16666666666666666,0.0,False,False,False,True,Insider Threat (8-month),False,1.1166247791874082,0.000662649632232249,0.3764516959587733,-0.5010063122300541,0.5873531699180603,regime_shift,0.5020408163265306,False,1.0,0.3764516959587733,0.5510204081632653,False,-1.1920928955078125e-07,1.0211840756237507,0.9930945495143533,0.0,0.9772942587733269,1.0211841948330402,data_behavior(1.0212); network_footprint(0.9931); risk_posture(0.0000); access_pattern(0.9773),False,0.6973989009857178,False,normal_ops,0.16666666666666666,False,False,0.4112137486573577,False,False
USR-158,1,False,1,False,1,False,1.4813446039517688,False,7.410718522367376,1.060084836044364,5,True,7.913390616775747,True,2.596752434196177,0.9358368699658566,endpoint_mean_risk,2.1463151034467716,True,1.0325370356440544,17.927006303410977,True,0,1.030410150066018,0.9964447946339432,0.03760842978954315,0.02966124191880226,supply_chain_compromise,0.06359805911779404,0.037650917294538684,4,0.2222222222222222,0.0077928282320499365,False,False,False,False,Normal,False,1.2604488737972552,0.0015658660619831742,0.20552288326952192,-0.49827568145359263,0.8578119277954102,regime_shift,0.8265306122448979,True,1.0,0.20552288326952192,0.6734693877551021,False,0.0,1.0527201257646084,1.0090512270107865,0.982951533049345,1.0455801039934158,1.0527201257646084,data_behavior(1.0527); network_footprint(1.0091); risk_posture(0.9830); access_pattern(1.0456),True,1.0236332416534424,True,normal_ops,0.16666666666666666,False,False,0.8306015037593986,True,True
USR-160,1,False,1,False,1,False,1.735815954505549,False,10.330107023216701,0.8794942553041081,3,True,5.062061713391579,True,2.7065689350751057,0.7646592613177173,net_unique_dsts,2.191346617949793,False,0.8601841479539871,12.639808881640432,True,0,0.9134687036275864,0.7027116045355797,0.052871450781822205,0.04574801027774811,insider_threat_fast,0.0716845840215683,0.04180648550391197,4,0.2222222222222222,0.0,False,False,False,False,Normal,False,1.0913481479103782,-0.002576077302871127,0.40434978902339935,-0.5032246288131265,0.5529502332210541,regime_shift,0.07959183673469389,False,1.0,0.40434978902339935,0.18367346938775508,False,0.0,0.9751989487558603,0.9762424137443304,0.0,0.9900984913110733,0.9900984913110733,data_behavior(0.9752); network_footprint(0.9762); risk_posture(0.0000); access_pattern(0.9901),False,0.7125287055969238,False,normal_ops,0.1111111111111111,False,False,0.0823093447905478,False,False
USR-177,1,False,1,False,1,False,2.149646683317411,False,7.008976291404402,1.0563385714564628,4,True,8.004536267496857,True,3.0498149589700603,0.9338423147310678,net_external_ratio,2.4463619260504847,True,1.0215570870786905,18.08900438024104,True,0,1.0466393008828163,1.0054446877911687,0.051967281848192215,0.03735191375017166,data_exfiltration,0.06379261612892151,0.03375680397989021,1,0.05555555555555555,0.0,False,False,False,False,Normal,False,1.2629717136502383,0.002974277031162578,0.20232739216751522,-0.49506719147457795,0.800039529800415,regime_shift,0.8387755102040816,True,1.0,0.20232739216751522,0.7959183673469388,False,0.0,0.9744221139699221,1.019160220399499,0.9789768662303686,1.0002496149390936,1.019160220399499,data_behavior(0.9744); network_footprint(1.0192); risk_posture(0.9790); access_pattern(1.0002),False,0.9617512226104736,False,apt_hunt,0.16666666666666666,False,False,0.6908055853920516,False,False
USR-180,1,False,1,False,1,False,1.9132070028123278,False,5.826330573021749,0.9767436816572694,4,True,6.956778340535182,True,2.6330342871097385,0.8771710161528009,endpoint_unique_processes,1.9341234017852464,False,0.9662102162837982,17.795090842138976,True,0,1.036507822573185,0.9891161578966098,0.02717871591448784,0.0,insider_threat_slow,0.0587100014090538,0.04072533315047622,4,0.2222222222222222,0.0,False,False,False,False,Normal,False,1.2683444700214297,-0.0037394120004025154,0.19543259259727266,-0.4981400791336508,0.8184523433446884,regime_shift,0.6816326530612244,False,1.0,0.19543259259727266,1.0,True,-1.1920928955078125e-07,0.9833024311810732,1.026870334520936,1.0492318868637085,1.0463047660887241,1.049232006072998,data_behavior(0.9833); network_footprint(1.0269); risk_posture(1.0492); access_pattern(1.0463),False,0.9316337704658508,False,normal_ops,0.1111111111111111,False,False,0.7384317937701396,False,False
USR-182,1,False,-1,True,1,False,1.6995170010445368,False,7.853175047529931,0.8720446772917267,3,True,6.050582901959778,True,2.5206545898159063,0.828708143712856,endpoint_total,2.123681301823539,False,1.0489191338419914,17.931520259202458,True,0,1.0752091109752655,0.9966955699556921,0.04709554463624954,0.0,data_exfiltration,0.0593150295317173,0.03727391745067305,5,0.2777777777777778,0.01490347161889076,False,False,True,False,Normal,False,1.2648836066521771,-0.0007044914358575101,0.19990185482634437,-0.49606302906485167,0.8157904148101807,regime_shift,0.7122448979591837,False,1.0,0.19990185482634437,0.8775510204081632,False,0.0,1.010470299050212,1.0501920133829117,0.9516117870807648,1.007628328166902,1.0501920133829117,data_behavior(1.0105); network_footprint(1.0502); risk_posture(0.9516); access_pattern(1.0076),True,1.0017677545547485,True,normal_ops,0.16666666666666666,False,False,0.8142749731471536,True,True
USR-184,1,False,1,False,1,False,1.881150149089371,False,6.851553900369844,1.0867508009836764,7,True,8.363801609041495,True,2.729645401668158,0.9631574882605068,auth_unique_sources,2.2453655975512463,True,0.9861403470858932,17.88572435391508,True,0,1.035810176283121,0.9941513529952822,0.04512524977326393,0.0063752178102731705,privilege_escalation,0.07036259770393372,0.03675049946953853,2,0.1111111111111111,0.0,False,False,False,False,Normal,False,1.2633470234021609,0.0016816102054721819,0.20179438839356104,-0.49917405142503624,0.796033650636673,regime_shift,0.8244897959183674,True,1.0,0.20179438839356104,0.8367346938775511,False,0.0,0.9618163965642452,1.0018368884921074,0.9727495145052671,1.0021584869828075,1.0021584869828075,data_behavior(0.9618); network_footprint(1.0018); risk_posture(0.9727); access_pattern(1.0022),False,0.9676212072372437,False,normal_ops,0.2222222222222222,False,False,0.6895596133190119,False,False
USR-185,1,False,1,False,1,False,2.196377505427487,False,7.746792224410402,1.0438024023594366,6,True,8.160933158396865,True,2.4839992340540125,0.9387792003093948,net_bytes_out,2.6682259116880576,True,1.0292476769536734,17.446969627248123,True,0,1.035688079893589,0.9697760904026735,0.027737470343708992,0.0,credential_stuffing,0.07874790579080582,0.04099043789837095,3,0.16666666666666666,0.0,False,False,False,False,Normal,False,1.2678048970450584,0.00012172588921214899,0.19612943960560691,-0.49626802346285653,0.7567631900310516,regime_shift,0.720408163265306,False,1.0,0.19612943960560691,0.9591836734693877,True,0.0,0.966294351965189,0.9917663680389524,0.940313920378685,0.9944995678961277,0.9944995678961277,data_behavior(0.9663); network_footprint(0.9918); risk_posture(0.9403); access_pattern(0.9945),False,0.9996116757392883,True,normal_ops,0.16666666666666666,False,False,0.6387647690655209,False,False
USR-186,1,False,1,False,1,False,2.307919407889698,False,9.530697143136388,0.8626597210492413,2,True,5.982249514621493,True,2.398934261142473,0.8202985138587746,net_unique_dsts,1.9597488065094957,False,1.01060607470572,18.020404890723526,True,0,1.0529390312731266,1.001633605040196,0.04942147061228752,0.0,compromised_endpoint,0.07117767632007599,0.04465303761470649,4,0.2222222222222222,0.0,False,False,False,False,Normal,False,1.2605630823402798,0.000397967922976717,0.2053365268641048,-0.5008687149075901,0.7823220789432526,regime_shift,0.6693877551020408,False,1.0,0.2053365268641048,0.6938775510204082,False,0.0,0.998556774109602,1.0254639983177185,0.9866453409194946,0.9776415731757879,1.0254639983177185,data_behavior(0.9986); network_footprint(1.0255); risk_posture(0.9866); access_pattern(0.9776),False,0.9699127078056335,False,normal_ops,0.2777777777777778,True,False,0.722986036519871,False,False
USR-194,1,False,-1,True,1,False,2.429602992881914,False,6.788257233228962,0.9338744753534197,2,True,6.68783865606562,True,2.3855670297420293,0.8660893851633059,file_write_ratio,1.7743670202150796,False,1.0251876078546047,17.98320119882375,True,0,1.0328067131340504,0.9995667332679861,0.028320543467998505,0.0,c2_beacon,0.052102167159318924,0.03489053559799989,0,0.0,0.0,False,False,False,False,Normal,False,1.2609534597199596,0.0024033119297793117,0.20489156163401073,-0.4943577016101164,0.7838722169399261,regime_shift,0.7755102040816326,False,1.0,0.20489156163401073,0.7142857142857143,False,0.0,1.0506686978042126,1.017723437398672,0.9936655517667532,1.0167238675057888,1.0506686978042126,data_behavior(1.0507); network_footprint(1.0177); risk_posture(0.9937); access_pattern(1.0167),True,0.9143758416175842,False,normal_ops,0.2222222222222222,False,False,0.7895596133190118,True,True
USR-197,1,False,1,False,1,False,1.4717539769134098,False,10.330107023216701,0.7483487255027191,2,True,3.5488511230944724,False,2.4063882761970063,0.6958754082575465,net_unique_dsts,2.191346617949793,False,0.7295460402965546,12.613080311179159,True,0,0.7568838745355606,0.7012266839543978,0.04273417592048645,0.012631785124540329,reconnaissance,0.0694933831691742,0.04129765586306652,2,0.1111111111111111,0.0,False,False,False,False,Normal,False,1.09382765957826,-0.0004553943709605575,0.4016500347190433,-0.49509729006711173,0.5725271701812744,regime_shift,0.29183673469387755,False,1.0,0.4016500347190433,0.2857142857142857,False,0.0,0.9939740356057882,0.9707916118204594,0.0,0.9477380104362965,0.9939740356057882,data_behavior(0.9940); network_footprint(0.9708); risk_posture(0.0000); access_pattern(0.9477),False,0.7471591234207153,False,normal_ops,0.05555555555555555,False,False,0.1683673469387755,False,False
USR-201,1,False,1,False,1,False,1.2839417941247926,False,10.533596270603399,0.9315518463075226,4,True,5.740638419406652,True,3.2854767087495973,0.8037073675399469,file_total,2.8744199901244705,False,0.6773408651351929,12.244088295459745,True,0,0.7112113833427429,0.6807271275255415,0.022568268701434135,0.0,insider_threat_slow,0.051993031054735184,0.0324353055200643,2,0.1111111111111111,0.0,False,False,False,False,Normal,False,1.1010790919919244,-0.0006860536178036516,0.3936075319846471,-0.5002542611430673,0.592007577419281,regime_shift,0.33877551020408164,False,1.0,0.3936075319846471,0.3877551020408163,False,0.0,0.9680351540446281,0.9531990326941013,-1.1920928955078125e-07,0.9785590060055256,0.9785590060055256,data_behavior(0.9680); network_footprint(0.9532); risk_posture(-0.0000); access_pattern(0.9786),False,0.7841355204582214,False,normal_ops,0.1111111111111111,False,False,0.24557465091299677,False,False
USR-202,1,False,-1,True,1,False,1.5100470761133378,False,10.330107023216701,0.7913001234273709,3,True,4.222937916603684,True,2.2760143595100333,0.7203038354949093,net_unique_dsts,2.191346617949793,False,0.7048459649085999,12.485892209768293,True,0,0.7457811832427979,0.6941606783204608,0.06190469488501549,0.0052649518474936485,insider_threat_slow,0.06965477764606476,0.035362959942883916,2,0.1111111111111111,0.0,False,False,False,False,Normal,False,1.0933248158773656,-0.0006878860051182917,0.40219300985336304,-0.5090447681791642,0.5660154521465302,regime_shift,0.2142857142857143,False,1.0,0.40219300985336304,0.24489795918367352,False,-1.1920928955078125e-07,0.988164747133851,1.0068647260777652,0.0,0.9756269529461861,1.0068648452870548,data_behavior(0.9882); network_footprint(1.0069); risk_posture(0.0000); access_pattern(0.9756),False,0.7546803951263428,False,insider_investigation,0.2777777777777778,True,False,0.3229860365198711,False,False
USR-217,1,False,1,False,1,False,1.0723316670282699,False,10.330107023216701,0.7255983468339344,2,True,3.2937564908454378,False,2.2245432604844586,0.6774379842598991,net_unique_dsts,2.191346617949793,False,0.6703208088874817,12.456084969997404,True,0,0.7463661432266235,0.6925047205554115,0.042461566627025604,0.0,compromised_endpoint,0.07208653539419174,0.04142512117202083,3,0.16666666666666666,0.026638396643102163,False,False,False,False,Normal,False,1.0826397860241486,0.0007038444896383259,0.41377360622088116,-0.49144790102453795,0.6058755218982697,regime_shift,0.32653061224489793,False,1.0,0.41377360622088116,0.020408163265306145,False,0.0,0.9986327704973519,0.9657135307788849,0.0,1.0425282716751099,1.0425282716751099,data_behavior(0.9986); network_footprint(0.9657); risk_posture(0.0000); access_pattern(1.0425),False,0.770236611366272,False,normal_ops,0.2777777777777778,True,False,0.4632921589688507,False,False
USR-224,1,False,1,False,1,False,1.7057683702041744,False,10.330107023216701,0.9683042978866523,4,True,5.911058367140398,True,2.646194152628027,0.8203189931021341,net_unique_dsts,2.191346617949793,False,0.7154109477996826,12.271729651451109,True,0,0.7147753536701202,0.6822627584139506,0.03323718532919884,0.037748079746961594,c2_beacon,0.08354354649782181,0.046188859165542655,6,0.3333333333333333,0.0,False,False,True,False,Normal,False,1.089228899407438,-0.0012443014886747803,0.40666233996550244,-0.4999881965272567,0.5860861539840698,regime_shift,0.163265306122449,False,1.0,0.40666233996550244,0.10204081632653061,False,-1.1920928955078125e-07,0.9782692566514015,0.987425297498703,-1.1920928955078125e-07,1.03406747803092,1.0340675972402096,data_behavior(0.9783); network_footprint(0.9874); risk_posture(-0.0000); access_pattern(1.0341),False,0.7489131689071655,False,apt_hunt,0.16666666666666666,False,False,0.28876476906552095,False,False
USR-225,1,False,1,False,-1,True,3.320060057615655,True,13.85640646055102,1.0075174312403037,2,True,7.469382451912839,True,2.9883279690868254,0.8993816967241387,file_total,2.266874919005896,False,1.0180433169007301,17.98852920353785,True,0,1.0562182292342186,0.9998627335298806,0.01848742365837097,0.005434648599475622,c2_beacon,0.06124291941523552,0.04027676313287682,4,0.2222222222222222,0.0011901406571269008,False,False,False,False,Normal,False,1.2618211975647098,0.0007407323614217835,0.20373942537440193,-0.5031296277747435,0.8210287392139435,regime_shift,0.8224489795918367,True,1.0,0.20373942537440193,0.7551020408163265,False,0.0,1.026561763137579,1.0234163776040077,1.016211625188589,1.0112269492819905,1.026561763137579,data_behavior(1.0266); network_footprint(1.0234); risk_posture(1.0162); access_pattern(1.0112),False,0.9635504484176636,False,normal_ops,0.1111111111111111,False,False,0.6567991407089151,False,False
USR-234,-1,True,-1,True,-1,True,5.635730551478664,True,15.885214092789612,1.2261964071346176,9,True,9.772430487496749,True,3.5715551413623983,1.0288274782223423,dns_unique_domains,3.8637019516371005,True,1.0220650248229504,17.922107913376763,True,0,1.0528800785541534,0.9961726618542647,0.022216394543647766,0.03806312009692192,lateral_movement,0.08302172273397446,0.04156539480512341,4,0.2222222222222222,0.0,False,False,False,True,Slow APT (180-day),True,1.2668704342268429,-0.00011541848290586674,0.19737136198414695,-0.4960622945252587,0.7830807417631149,regime_shift,0.7163265306122448,False,1.0,0.19737136198414695,0.9183673469387755,True,0.0,1.0491600260138512,0.9764812458306551,0.9915251890197396,0.9490709528326988,1.0491600260138512,data_behavior(1.0492); network_footprint(0.9765); risk_posture(0.9915); access_pattern(0.9491),False,0.9665564298629761,False,normal_ops,0.16666666666666666,False,False,0.7928464017185821,True,True
USR-235,1,False,-1,True,1,False,2.309401076758511,False,10.330107023216701,0.750197306147219,1,True,3.601181311353182,False,2.277329677578719,0.690977278127993,net_unique_dsts,2.191346617949793,False,0.8774503245949745,13.113989192605016,True,0,0.9009204059839249,0.7290549551447233,0.0400339737534523,0.03403934836387634,compromised_endpoint,0.06973420083522797,0.041069903721412025,5,0.2777777777777778,0.0,False,False,True,False,Normal,False,1.1063025577926444,-0.0006466194480632648,0.38784079750378925,-0.4965429761830498,0.6196897029876709,regime_shift,0.46122448979591835,False,1.0,0.38784079750378925,0.5102040816326531,False,0.0,0.9994296235381626,0.9987940434366465,0.0,0.9772116001695395,0.9994296235381626,data_behavior(0.9994); network_footprint(0.9988); risk_posture(0.0000); access_pattern(0.9772),False,0.8046261072158813,False,insider_investigation,0.16666666666666666,False,False,0.3979484425349087,False,False
USR-238,1,False,1,False,1,False,1.3145847963712087,False,10.330107023216701,0.8092538328881433,4,True,4.269431146056625,True,2.4061429266381276,0.7272787246257613,net_unique_dsts,2.191346617949793,False,0.696301281452179,12.64166823363304,True,0,0.7462253570556641,0.7028149018685023,0.033988647162914276,0.0,c2_beacon,0.08213669061660767,0.041750195850100785,3,0.16666666666666666,0.022761520743370053,False,False,False,False,Normal,False,1.0880586618940076,-0.00010076792792517294,0.4079781389898724,-0.49695757382056294,0.6084184050559998,regime_shift,0.28979591836734697,False,1.0,0.4079781389898724,0.08163265306122447,False,-1.1920928955078125e-07,1.0234531350433826,1.0170590616762638,0.0,0.9862385997548699,1.0234532542526722,data_behavior(1.0235); network_footprint(1.0171); risk_posture(0.0000); access_pattern(0.9862),False,0.7536382675170898,False,normal_ops,0.16666666666666666,False,False,0.3010096670247046,False,False
USR-239,1,False,1,False,1,False,2.4574981790912047,False,10.330107023216701,0.9360204893360354,6,True,5.601885493092173,True,2.3170681388589207,0.7930341323029468,auth_fail_rate,2.3770096506100793,False,0.6850118041038513,12.443490478754041,True,0,0.7466161847114563,0.6918050265974469,0.04439841955900192,0.0018363632261753082,c2_beacon,0.0710061639547348,0.03969762303556005,3,0.16666666666666666,0.0,False,False,False,False,Normal,False,1.084835274541774,0.0001420203550664118,0.4115114344490899,-0.500187470632441,0.5620244741439819,regime_shift,0.19387755102040813,False,1.0,0.4115114344490899,0.04081632653061229,False,-1.1920928955078125e-07,1.0186828542500734,0.9875008026137948,0.0,0.9687698390334845,1.018682973459363,data_behavior(1.0187); network_footprint(0.9875); risk_posture(0.0000); access_pattern(0.9688),False,0.7524543404579163,False,normal_ops,0.05555555555555555,False,False,0.15714285714285714,False,False
USR-241,1,False,1,False,1,False,2.309401076758511,False,10.330107023216701,0.8968733428611665,2,True,5.230327641326042,True,2.7919949056822317,0.7749068145355317,auth_total,2.8914282185205886,False,0.8930054157972336,12.987401418000458,True,0,0.9471028484404087,0.7220223010000255,0.03732726722955704,0.05755186453461647,lateral_movement,0.045264407992362976,0.03457601761652364,2,0.1111111111111111,0.0,False,False,False,False,Normal,False,1.0913962310512622,-0.0005876127444470355,0.4042551981078254,-0.5026623413843267,0.5757375955581665,regime_shift,0.2530612244897959,False,1.0,0.4042551981078254,0.20408163265306123,False,-1.1920928955078125e-07,0.933146558701992,1.0007938272319734,0.0,1.0119729759171605,1.01197309512645,data_behavior(0.9331); network_footprint(1.0008); risk_posture(0.0000); access_pattern(1.0120),False,0.7475022077560425,False,normal_ops,0.2222222222222222,False,False,0.3048657357679914,False,False
USR-246,1,False,1,False,1,False,2.0297525344673293,False,10.330107023216701,0.780567713712644,1,True,3.740149790817206,True,2.1951023284651723,0.7041773781685483,net_unique_dsts,2.191346617949793,False,0.6936882436275482,12.868601638436315,True,0,0.8930026888847351,0.7154223132464621,0.031768620014190674,0.03732762485742569,insider_threat_fast,0.052618056535720825,0.035680987768703036,4,0.2222222222222222,0.0,False,False,False,False,Normal,False,1.090079432294055,-0.001563969153133217,0.40570681128236985,-0.49376360107870665,0.6096362769603729,regime_shift,0.20408163265306123,False,1.0,0.40570681128236985,0.1428571428571429,False,-1.1920928955078125e-07,1.0006015738472342,1.0359136573970318,0.0,1.019816692918539,1.0359137766063213,data_behavior(1.0006); network_footprint(1.0359); risk_posture(0.0000); access_pattern(1.0198),False,0.7862141728401184,False,normal_ops,0.1111111111111111,False,False,0.3067991407089151,False,False
USR-248,1,False,1,False,1,False,1.8181574014374196,False,10.330107023216701,0.7106064467472248,1,True,3.3372094206744456,False,2.2127574888575463,0.6733404806802337,net_unique_dsts,2.191346617949793,False,0.6787321865558624,12.510192993640898,True,0,0.7283475697040558,0.6955107218689389,0.048631973564624786,0.040959060192108154,lateral_movement,0.08806633949279785,0.04577693777779738,5,0.2777777777777778,0.0044997442513704244,False,False,True,False,Normal,False,1.091846333637406,0.0016155331609762707,0.40380924608972335,-0.49937428446377025,0.6146841943264008,regime_shift,0.4816326530612245,False,1.0,0.40380924608972335,0.22448979591836737,False,0.0,0.9852140480652452,1.0083999708294868,-1.1920928955078125e-07,1.0029294919222593,1.0083999708294868,data_behavior(0.9852); network_footprint(1.0084); risk_posture(-0.0000); access_pattern(1.0029),False,0.7612394094467163,False,insider_investigation,0.3888888888888889,True,False,0.4224489795918367,False,False
USR-249,1,False,-1,True,1,False,1.9580878435459284,False,5.725130819372634,0.9881249150506228,3,True,7.048277786954987,True,2.202873890976305,0.8944474940005077,file_confidential_ratio,1.8655674057851985,False,1.035605937242508,18.023782396534457,True,0,1.0392527468502522,1.0018212442519143,0.017682615667581558,0.04876846820116043,supply_chain_compromise,0.06841547787189484,0.037592768048246704,1,0.05555555555555555,0.0,False,False,False,False,Normal,False,1.261819000174307,-0.0015098222988869517,0.2037888765335083,-0.5015183073632857,0.8040063977241516,regime_shift,0.5877551020408164,False,1.0,0.2037888765335083,0.7346938775510203,False,0.0,0.9934739517048001,1.0116214789450169,0.9879075968638062,0.9792822934687138,1.0116214789450169,data_behavior(0.9935); network_footprint(1.0116); risk_posture(0.9879); access_pattern(0.9793),False,0.9601823091506958,False,normal_ops,0.05555555555555555,False,False,0.49693877551020404,False,False
